Date, Client code,Ref. Currency,Daily exchange rate,Asset class,Geography,Position,Price,Currency
2016/1/4,1,CHF,1.007411297,A,a,6,99.532562,f
2016/1/5,1,CHF,1.682837768,A,a,6,102.578384,f
2016/1/6,1,CHF,1.803129358,A,a,6,97.544044,f
2016/1/7,1,CHF,1.789603587,A,a,6,95.720428,f
2016/1/8,1,CHF,1.959077858,A,a,6,95.59433,f
2016/1/11,1,CHF,1.19431681,A,a,6,96.001732,f
2016/1/12,1,CHF,1.503051662,A,a,6,97.534348,f
2016/1/13,1,CHF,1.543647846,A,a,6,97.311241,f
2016/1/14,1,CHF,1.881289026,A,a,6,95.022026,f
2016/1/15,1,CHF,1.640113521,A,a,6,93.314796,f
2016/1/19,1,CHF,1.7694222,A,a,6,95.458534,f
2016/1/20,1,CHF,1.23042186,A,a,6,92.247795,f
2016/1/21,1,CHF,1.773241106,A,a,6,94.149017,f
2016/1/22,1,CHF,1.63314649,A,a,6,95.671921,f
2016/1/25,1,CHF,1.392902609,A,a,6,98.47525,f
2016/1/26,1,CHF,1.67803366,A,a,6,96.93293,f
2016/1/27,1,CHF,1.953295724,A,a,6,93.159599,f
2016/1/28,1,CHF,1.427563768,A,a,6,90.977089,f
2016/1/29,1,CHF,1.622505236,A,a,6,91.94709,f
2016/2/1,1,CHF,1.169364356,A,a,6,93.576706,f
2016/2/2,1,CHF,1.778181125,A,a,6,92.558205,f
2016/2/3,1,CHF,1.905625047,A,a,6,92.150795,f
2016/2/4,1,CHF,1.27181709,A,a,6,93.489563,f
2016/2/5,1,CHF,1.771167912,A,a,6,94.13324,f
2016/2/8,1,CHF,1.431472246,A,a,6,90.827065,f
2016/2/9,1,CHF,1.993317416,A,a,6,91.958389,f
2016/2/10,1,CHF,1.950185327,A,a,6,93.54808,f
2016/2/11,1,CHF,1.930974137,A,a,6,91.470749,f
2016/2/12,1,CHF,1.668097182,A,a,6,91.860863,f
2016/2/16,1,CHF,1.117947585,A,a,6,92.670334,f
2016/2/17,1,CHF,1.798348413,A,a,6,94.279533,f
2016/2/18,1,CHF,1.806902221,A,a,6,96.395882,f
2016/2/19,1,CHF,1.078905443,A,a,6,93.626099,f
2016/2/22,1,CHF,1.137219704,A,a,6,93.928429,f
2016/2/23,1,CHF,1.47795476,A,a,6,94.01622,f
2016/2/24,1,CHF,1.300652138,A,a,6,91.656059,f
2016/2/25,1,CHF,1.67609281,A,a,6,93.674873,f
2016/2/26,1,CHF,1.414537928,A,a,6,94.796417,f
2016/2/29,1,CHF,1.642332881,A,a,6,94.464836,f
2016/3/1,1,CHF,1.183635735,A,a,6,95.235298,f
2016/3/2,1,CHF,1.200653262,A,a,6,98.024582,f
2016/3/3,1,CHF,1.627080619,A,a,6,98.092842,f
2016/3/4,1,CHF,1.219560697,A,a,6,99.838585,f
2016/3/7,1,CHF,1.376160032,A,a,6,99.858086,f
2016/3/8,1,CHF,1.611300478,A,a,6,98.287903,f
2016/3/9,1,CHF,1.237527548,A,a,6,98.804787,f
2016/3/10,1,CHF,1.098916093,A,a,6,98.902328,f
2016/3/11,1,CHF,1.850121421,A,a,6,99.711807,f
2016/3/14,1,CHF,1.495757499,A,a,6,99.389961,f
2016/3/15,1,CHF,1.584194722,A,a,6,101.389259,f
2016/3/16,1,CHF,1.082970621,A,a,6,102.023201,f
2016/3/17,1,CHF,1.034196077,A,a,6,102.91069,f
2016/3/18,1,CHF,1.677178347,A,a,6,103.710411,f
2016/3/21,1,CHF,1.997228052,A,a,6,103.310555,f
2016/3/22,1,CHF,1.061242517,A,a,6,102.647354,f
2016/3/23,1,CHF,1.664393989,A,a,6,103.846954,f
2016/3/24,1,CHF,1.520034711,A,a,6,102.861931,f
2016/3/28,1,CHF,1.053049812,A,a,6,103.378822,f
2016/3/29,1,CHF,1.259662768,A,a,6,102.296272,f
2016/3/30,1,CHF,1.764601914,A,a,6,105.963287,f
2016/3/31,1,CHF,1.537979979,A,a,6,107.006844,f
2016/4/1,1,CHF,1.564413287,A,a,6,106.090073,f
2016/4/4,1,CHF,1.243631125,A,a,6,107.689514,f
2016/4/5,1,CHF,1.611805862,A,a,6,106.802032,f
2016/4/6,1,CHF,1.239416909,A,a,6,107.504227,f
2016/4/7,1,CHF,1.122172741,A,a,6,107.23114,f
2016/4/8,1,CHF,1.772158564,A,a,6,106.216866,f
2016/4/11,1,CHF,1.398199541,A,a,6,106.275383,f
2016/4/12,1,CHF,1.377767351,A,a,6,106.636215,f
2016/4/13,1,CHF,1.670888748,A,a,6,108.060127,f
2016/4/14,1,CHF,1.896390262,A,a,6,108.859848,f
2016/4/15,1,CHF,1.939724524,A,a,6,109.337738,f
2016/4/18,1,CHF,1.255623464,A,a,6,106.197357,f
2016/4/19,1,CHF,1.691192902,A,a,6,105.212334,f
2016/4/20,1,CHF,1.102294152,A,a,6,104.002998,f
2016/4/21,1,CHF,1.585827827,A,a,6,104.285828,f
2016/4/22,1,CHF,1.909491365,A,a,6,102.413307,f
2016/4/25,1,CHF,1.082532827,A,a,6,102.403549,f
2016/4/26,1,CHF,1.573356507,A,a,6,101.3405,f
2016/4/27,1,CHF,1.341563239,A,a,6,93.626099,f
2016/4/28,1,CHF,1.473534524,A,a,6,95.196289,f
2016/4/29,1,CHF,1.001640565,A,a,6,91.66581,f
2016/5/2,1,CHF,1.833325407,A,a,6,91.646294,f
2016/5/3,1,CHF,1.82362195,A,a,6,91.870613,f
2016/5/4,1,CHF,1.723318251,A,a,6,92.845879,f
2016/5/5,1,CHF,1.88406883,A,a,6,92.233719,f
2016/5/6,1,CHF,1.889919396,A,a,6,91.615555,f
2016/5/9,1,CHF,1.136168099,A,a,6,91.252518,f
2016/5/10,1,CHF,1.749334761,A,a,6,91.576317,f
2016/5/11,1,CHF,1.401640848,A,a,6,91.723495,f
2016/5/12,1,CHF,1.255218304,A,a,6,90.977768,f
2016/5/13,1,CHF,1.222600645,A,a,6,88.308876,f
2016/5/16,1,CHF,1.485953253,A,a,6,90.653969,f
2016/5/17,1,CHF,1.354716569,A,a,6,92.773384,f
2016/5/18,1,CHF,1.788830172,A,a,6,92.390709,f
2016/5/19,1,CHF,1.691391643,A,a,6,92.861687,f
2016/5/20,1,CHF,1.951910321,A,a,6,92.861687,f
2016/5/23,1,CHF,1.248973261,A,a,6,94.068588,f
2016/5/24,1,CHF,1.77659909,A,a,6,95.393211,f
2016/5/25,1,CHF,1.85834551,A,a,6,96.815964,f
2016/5/26,1,CHF,1.273999611,A,a,6,97.806984,f
2016/5/27,1,CHF,1.155551099,A,a,6,97.57151,f
2016/5/31,1,CHF,1.184767402,A,a,6,97.7285,f
2016/6/1,1,CHF,1.182358386,A,a,6,97.159393,f
2016/6/2,1,CHF,1.907403711,A,a,6,95.766068,f
2016/6/3,1,CHF,1.413028634,A,a,6,95.952507,f
2016/6/6,1,CHF,1.249086566,A,a,6,96.14875,f
2016/6/7,1,CHF,1.377734459,A,a,6,97.385071,f
2016/6/8,1,CHF,1.65203184,A,a,6,97.159393,f
2016/6/9,1,CHF,1.802720614,A,a,6,96.649162,f
2016/6/10,1,CHF,1.002024217,A,a,6,96.678596,f
2016/6/13,1,CHF,1.228556886,A,a,6,96.835602,f
2016/6/14,1,CHF,1.613758347,A,a,6,95.491341,f
2016/6/15,1,CHF,1.989946197,A,a,6,95.981949,f
2016/6/16,1,CHF,1.815406904,A,a,6,94.63768,f
2016/6/17,1,CHF,1.963376564,A,a,6,94.804497,f
2016/6/20,1,CHF,1.398569681,A,a,6,94.196144,f
2016/6/21,1,CHF,1.760605132,A,a,6,93.156059,f
2016/6/22,1,CHF,1.723839741,A,a,6,94.441437,f
2016/6/23,1,CHF,1.873260562,A,a,6,94.137268,f
2016/6/24,1,CHF,1.621811154,A,a,6,91.1642,f
2016/6/27,1,CHF,1.892671094,A,a,6,91.252518,f
2016/6/28,1,CHF,1.011668656,A,a,6,91.154388,f
2016/6/29,1,CHF,1.270982453,A,a,6,92.204285,f
2016/6/30,1,CHF,1.564949319,A,a,6,92.665459,f
2016/7/1,1,CHF,1.342253533,A,a,6,93.695709,f
2016/7/5,1,CHF,1.596698404,A,a,6,93.597595,f
2016/7/6,1,CHF,1.92206228,A,a,6,92.822449,f
2016/7/7,1,CHF,1.951874603,A,a,6,93.901779,f
2016/7/8,1,CHF,1.204039936,A,a,6,94.676941,f
2016/7/11,1,CHF,1.545023512,A,a,6,94.932045,f
2016/7/12,1,CHF,1.963983897,A,a,6,95.344162,f
2016/7/13,1,CHF,1.077037428,A,a,6,95.579643,f
2016/7/14,1,CHF,1.722452128,A,a,6,95.56002,f
2016/7/15,1,CHF,1.207909577,A,a,6,97.061272,f
2016/7/18,1,CHF,1.565460896,A,a,6,96.845398,f
2016/7/19,1,CHF,1.038504442,A,a,6,97.689247,f
2016/7/20,1,CHF,1.444389102,A,a,6,98.120972,f
2016/7/21,1,CHF,1.823404835,A,a,6,97.95417,f
2016/7/22,1,CHF,1.080685209,A,a,6,97.39489,f
2016/7/25,1,CHF,1.061488747,A,a,6,96.403862,f
2016/7/26,1,CHF,1.845582341,A,a,6,95.000732,f
2016/7/27,1,CHF,1.175804705,A,a,6,102.310753,f
2016/7/28,1,CHF,1.778660793,A,a,6,100.897812,f
2016/7/29,1,CHF,1.069360192,A,a,6,102.232246,f
2016/8/1,1,CHF,1.138724545,A,a,6,102.44812,f
2016/8/2,1,CHF,1.415392697,A,a,6,104.057297,f
2016/8/3,1,CHF,1.999116602,A,a,6,102.840591,f
2016/8/4,1,CHF,1.766332465,A,a,6,104.157341,f
2016/8/5,1,CHF,1.014716875,A,a,6,104.838028,f
2016/8/8,1,CHF,1.479409416,A,a,6,106.07119,f
2016/8/9,1,CHF,1.248490214,A,a,6,106.771622,f
2016/8/10,1,CHF,1.389718588,A,a,6,107.245155,f
2016/8/11,1,CHF,1.352816934,A,a,6,107.057709,f
2016/8/12,1,CHF,1.027458339,A,a,6,106.327682,f
2016/8/15,1,CHF,1.242245583,A,a,6,106.682838,f
2016/8/16,1,CHF,1.521001513,A,a,6,108.152756,f
2016/8/17,1,CHF,1.93653676,A,a,6,107.629898,f
2016/8/18,1,CHF,1.099593739,A,a,6,107.758148,f
2016/8/19,1,CHF,1.734173131,A,a,6,107.304344,f
2016/8/22,1,CHF,1.933707823,A,a,6,107.393135,f
2016/8/23,1,CHF,1.356869968,A,a,6,107.126762,f
2016/8/24,1,CHF,1.383512638,A,a,6,107.107048,f
2016/8/25,1,CHF,1.666175937,A,a,6,105.94294,f
2016/8/26,1,CHF,1.970885633,A,a,6,105.962677,f
2016/8/29,1,CHF,1.285208278,A,a,6,105.183311,f
2016/8/30,1,CHF,1.04792178,A,a,6,104.374367,f
2016/8/31,1,CHF,1.310228771,A,a,6,104.236259,f
2016/9/1,1,CHF,1.281953672,A,a,6,104.709793,f
2016/9/2,1,CHF,1.819455531,A,a,6,106.248756,f
2016/9/6,1,CHF,1.340673051,A,a,6,106.446068,f
2016/9/7,1,CHF,1.064217698,A,a,6,106.377014,f
2016/9/8,1,CHF,1.998671341,A,a,6,105.804825,f
2016/9/9,1,CHF,1.196997648,A,a,6,103.229996,f
2016/9/12,1,CHF,1.286104413,A,a,6,101.266808,f
2016/9/13,1,CHF,1.173770514,A,a,6,106.061317,f
2016/9/14,1,CHF,1.271774872,A,a,6,107.264893,f
2016/9/15,1,CHF,1.233366735,A,a,6,112.32576,f
2016/9/16,1,CHF,1.088496693,A,a,6,113.568779,f
2016/9/19,1,CHF,1.508684195,A,a,6,113.637833,f
2016/9/20,1,CHF,1.74832131,A,a,6,111.52668,f
2016/9/21,1,CHF,1.251904872,A,a,6,112.315895,f
2016/9/22,1,CHF,1.578786718,A,a,6,112.809158,f
2016/9/23,1,CHF,1.509557639,A,a,6,112.878212,f
2016/9/26,1,CHF,1.204554087,A,a,6,110.135666,f
2016/9/27,1,CHF,1.613372147,A,a,6,111.477348,f
2016/9/28,1,CHF,1.010003913,A,a,6,112.158051,f
2016/9/29,1,CHF,1.864129245,A,a,6,111.635201,f
2016/9/30,1,CHF,1.874483498,A,a,6,110.944626,f
2016/10/3,1,CHF,1.113104276,A,a,6,111.191254,f
2016/10/4,1,CHF,1.362390443,A,a,6,111.536537,f
2016/10/5,1,CHF,1.85349354,A,a,6,111.871964,f
2016/10/6,1,CHF,1.640450653,A,a,6,112.167915,f
2016/10/7,1,CHF,1.360404863,A,a,6,112.769691,f
2016/10/10,1,CHF,1.947878521,A,a,6,113.470123,f
2016/10/11,1,CHF,1.306526588,A,a,6,116.114014,f
2016/10/12,1,CHF,1.162260838,A,a,6,115.76873,f
2016/10/13,1,CHF,1.844663304,A,a,6,115.216278,f
2016/10/14,1,CHF,1.385921857,A,a,6,116.291588,f
2016/10/17,1,CHF,1.320405232,A,a,6,115.749001,f
2016/10/18,1,CHF,1.687830774,A,a,6,116.587555,f
2016/10/19,1,CHF,1.905864507,A,a,6,115.670074,f
2016/10/20,1,CHF,1.873768352,A,a,6,115.285332,f
2016/10/21,1,CHF,1.224327579,A,a,6,115.236008,f
2016/10/24,1,CHF,1.627484993,A,a,6,115.522102,f
2016/10/25,1,CHF,1.362896968,A,a,6,116.360641,f
2016/10/26,1,CHF,1.545442146,A,a,6,112.769691,f
2016/10/27,1,CHF,1.59903742,A,a,6,113.835144,f
2016/10/28,1,CHF,1.054967898,A,a,6,112.335625,f
2016/10/31,1,CHF,1.300472963,A,a,6,112.118591,f
2016/11/1,1,CHF,1.393943144,A,a,6,111.931152,f
2016/11/2,1,CHF,1.985920381,A,a,6,109.898911,f
2016/11/3,1,CHF,1.378899556,A,a,6,110.046684,f
2016/11/4,1,CHF,1.70743229,A,a,6,107.617294,f
2016/11/7,1,CHF,1.241778278,A,a,6,109.154251,f
2016/11/8,1,CHF,1.090252059,A,a,6,109.382317,f
2016/11/9,1,CHF,1.238885773,A,a,6,108.955933,f
2016/11/10,1,CHF,1.758326366,A,a,6,110.155754,f
2016/11/11,1,CHF,1.45120175,A,a,6,106.219147,f
2016/11/14,1,CHF,1.017048036,A,a,6,106.804184,f
2016/11/15,1,CHF,1.169582362,A,a,6,105.673775,f
2016/11/16,1,CHF,1.373802139,A,a,6,105.802673,f
2016/11/17,1,CHF,1.108860577,A,a,6,108.88652,f
2016/11/18,1,CHF,1.407096738,A,a,6,108.797279,f
2016/11/21,1,CHF,1.464817163,A,a,6,109.193924,f
2016/11/22,1,CHF,1.420637116,A,a,6,111.008522,f
2016/11/23,1,CHF,1.395519152,A,a,6,110.423485,f
2016/11/25,1,CHF,1.919875295,A,a,6,110.195419,f
2016/11/28,1,CHF,1.187783452,A,a,6,110.492905,f
2016/11/29,1,CHF,1.836106779,A,a,6,109.848366,f
2016/11/30,1,CHF,1.80275072,A,a,6,110.661469,f
2016/12/1,1,CHF,1.737508549,A,a,6,109.441818,f
2016/12/2,1,CHF,1.230016777,A,a,6,108.2519,f
2016/12/5,1,CHF,1.932028067,A,a,6,109.074928,f
2016/12/6,1,CHF,1.240660881,A,a,6,108.579132,f
2016/12/7,1,CHF,1.252387533,A,a,6,108.341148,f
2016/12/8,1,CHF,1.845403547,A,a,6,109.927696,f
2016/12/9,1,CHF,1.961815463,A,a,6,111.365501,f
2016/12/12,1,CHF,1.607947272,A,a,6,112.337257,f
2016/12/13,1,CHF,1.310127037,A,a,6,112.882629,f
2016/12/14,1,CHF,1.369967023,A,a,6,114.07254,f
2016/12/15,1,CHF,1.040208693,A,a,6,114.409683,f
2016/12/16,1,CHF,1.380541364,A,a,6,115.490517,f
2016/12/19,1,CHF,1.812465928,A,a,6,114.826157,f
2016/12/20,1,CHF,1.284576216,A,a,6,115.75824,f
2016/12/21,1,CHF,1.510346001,A,a,6,115.817741,f
2016/12/22,1,CHF,1.516710971,A,a,6,115.371529,f
2016/12/23,1,CHF,1.245561291,A,a,6,114.617912,f
2016/12/27,1,CHF,1.815691964,A,a,6,115.540092,f
2016/12/28,1,CHF,1.847996886,A,a,6,116.531685,f
2016/12/29,1,CHF,1.841463996,A,a,6,115.47068,f
2016/12/30,1,CHF,1.876519734,A,a,6,115.669006,f
2016/1/4,1,CHF,1.144774859,A,b,6,99.532562,g
2016/1/5,1,CHF,1.473094958,A,b,6,102.578384,g
2016/1/6,1,CHF,1.770200654,A,b,6,97.544044,g
2016/1/7,1,CHF,1.605848683,A,b,6,95.720428,g
2016/1/8,1,CHF,1.772881435,A,b,6,95.59433,g
2016/1/11,1,CHF,1.82971435,A,b,6,96.001732,g
2016/1/12,1,CHF,1.374836272,A,b,6,97.534348,g
2016/1/13,1,CHF,1.766561023,A,b,6,97.311241,g
2016/1/14,1,CHF,1.114514152,A,b,6,95.022026,g
2016/1/15,1,CHF,1.959062084,A,b,6,93.314796,g
2016/1/19,1,CHF,1.497789237,A,b,6,95.458534,g
2016/1/20,1,CHF,1.883346317,A,b,6,92.247795,g
2016/1/21,1,CHF,1.294838635,A,b,6,94.149017,g
2016/1/22,1,CHF,1.571213918,A,b,6,95.671921,g
2016/1/25,1,CHF,1.920788047,A,b,6,98.47525,g
2016/1/26,1,CHF,1.972720841,A,b,6,96.93293,g
2016/1/27,1,CHF,1.759047436,A,b,6,93.159599,g
2016/1/28,1,CHF,1.80953997,A,b,6,90.977089,g
2016/1/29,1,CHF,1.46058144,A,b,6,91.94709,g
2016/2/1,1,CHF,1.859344432,A,b,6,93.576706,g
2016/2/2,1,CHF,1.652535355,A,b,6,92.558205,g
2016/2/3,1,CHF,1.307462571,A,b,6,92.150795,g
2016/2/4,1,CHF,1.987702955,A,b,6,93.489563,g
2016/2/5,1,CHF,1.531735091,A,b,6,94.13324,g
2016/2/8,1,CHF,1.131354439,A,b,6,90.827065,g
2016/2/9,1,CHF,1.210766596,A,b,6,91.958389,g
2016/2/10,1,CHF,1.402160266,A,b,6,93.54808,g
2016/2/11,1,CHF,1.098026254,A,b,6,91.470749,g
2016/2/12,1,CHF,1.279021262,A,b,6,91.860863,g
2016/2/16,1,CHF,1.583627257,A,b,6,92.670334,g
2016/2/17,1,CHF,1.879878655,A,b,6,94.279533,g
2016/2/18,1,CHF,1.472370816,A,b,6,96.395882,g
2016/2/19,1,CHF,1.722900089,A,b,6,93.626099,g
2016/2/22,1,CHF,1.162285704,A,b,6,93.928429,g
2016/2/23,1,CHF,1.461757478,A,b,6,94.01622,g
2016/2/24,1,CHF,1.23852636,A,b,6,91.656059,g
2016/2/25,1,CHF,1.250697124,A,b,6,93.674873,g
2016/2/26,1,CHF,1.512262989,A,b,6,94.796417,g
2016/2/29,1,CHF,1.591905205,A,b,6,94.464836,g
2016/3/1,1,CHF,1.18410871,A,b,6,95.235298,g
2016/3/2,1,CHF,1.1833262,A,b,6,98.024582,g
2016/3/3,1,CHF,1.203788155,A,b,6,98.092842,g
2016/3/4,1,CHF,1.39609684,A,b,6,99.838585,g
2016/3/7,1,CHF,1.241378543,A,b,6,99.858086,g
2016/3/8,1,CHF,1.019979218,A,b,6,98.287903,g
2016/3/9,1,CHF,1.043926499,A,b,6,98.804787,g
2016/3/10,1,CHF,1.972437962,A,b,6,98.902328,g
2016/3/11,1,CHF,1.697758979,A,b,6,99.711807,g
2016/3/14,1,CHF,1.808495022,A,b,6,99.389961,g
2016/3/15,1,CHF,1.839932299,A,b,6,101.389259,g
2016/3/16,1,CHF,1.803759083,A,b,6,102.023201,g
2016/3/17,1,CHF,1.027494743,A,b,6,102.91069,g
2016/3/18,1,CHF,1.469738685,A,b,6,103.710411,g
2016/3/21,1,CHF,1.263698591,A,b,6,103.310555,g
2016/3/22,1,CHF,1.287607336,A,b,6,102.647354,g
2016/3/23,1,CHF,1.483534416,A,b,6,103.846954,g
2016/3/24,1,CHF,1.749956702,A,b,6,102.861931,g
2016/3/28,1,CHF,1.145999215,A,b,6,103.378822,g
2016/3/29,1,CHF,1.814809927,A,b,6,102.296272,g
2016/3/30,1,CHF,1.7151949,A,b,6,105.963287,g
2016/3/31,1,CHF,1.842634017,A,b,6,107.006844,g
2016/4/1,1,CHF,1.558551126,A,b,6,106.090073,g
2016/4/4,1,CHF,1.243229558,A,b,6,107.689514,g
2016/4/5,1,CHF,1.929357008,A,b,6,106.802032,g
2016/4/6,1,CHF,1.066616418,A,b,6,107.504227,g
2016/4/7,1,CHF,1.688558126,A,b,6,107.23114,g
2016/4/8,1,CHF,1.87141405,A,b,6,106.216866,g
2016/4/11,1,CHF,1.017668003,A,b,6,106.275383,g
2016/4/12,1,CHF,1.778621814,A,b,6,106.636215,g
2016/4/13,1,CHF,1.795622579,A,b,6,108.060127,g
2016/4/14,1,CHF,1.318232434,A,b,6,108.859848,g
2016/4/15,1,CHF,1.255226526,A,b,6,109.337738,g
2016/4/18,1,CHF,1.772749446,A,b,6,106.197357,g
2016/4/19,1,CHF,1.997846445,A,b,6,105.212334,g
2016/4/20,1,CHF,1.997490672,A,b,6,104.002998,g
2016/4/21,1,CHF,1.322670183,A,b,6,104.285828,g
2016/4/22,1,CHF,1.5651146,A,b,6,102.413307,g
2016/4/25,1,CHF,1.156189736,A,b,6,102.403549,g
2016/4/26,1,CHF,1.16936751,A,b,6,101.3405,g
2016/4/27,1,CHF,1.902301524,A,b,6,93.626099,g
2016/4/28,1,CHF,1.627640424,A,b,6,95.196289,g
2016/4/29,1,CHF,1.572966172,A,b,6,91.66581,g
2016/5/2,1,CHF,1.476041269,A,b,6,91.646294,g
2016/5/3,1,CHF,1.760819684,A,b,6,91.870613,g
2016/5/4,1,CHF,1.565229537,A,b,6,92.845879,g
2016/5/5,1,CHF,1.971702613,A,b,6,92.233719,g
2016/5/6,1,CHF,1.529932646,A,b,6,91.615555,g
2016/5/9,1,CHF,1.131420293,A,b,6,91.252518,g
2016/5/10,1,CHF,1.585773162,A,b,6,91.576317,g
2016/5/11,1,CHF,1.692497623,A,b,6,91.723495,g
2016/5/12,1,CHF,1.595327893,A,b,6,90.977768,g
2016/5/13,1,CHF,1.292179264,A,b,6,88.308876,g
2016/5/16,1,CHF,1.042436862,A,b,6,90.653969,g
2016/5/17,1,CHF,1.566905201,A,b,6,92.773384,g
2016/5/18,1,CHF,1.276853198,A,b,6,92.390709,g
2016/5/19,1,CHF,1.035136489,A,b,6,92.861687,g
2016/5/20,1,CHF,1.220696832,A,b,6,92.861687,g
2016/5/23,1,CHF,1.329061704,A,b,6,94.068588,g
2016/5/24,1,CHF,1.95613049,A,b,6,95.393211,g
2016/5/25,1,CHF,1.753445512,A,b,6,96.815964,g
2016/5/26,1,CHF,1.562731944,A,b,6,97.806984,g
2016/5/27,1,CHF,1.092749982,A,b,6,97.57151,g
2016/5/31,1,CHF,1.97072643,A,b,6,97.7285,g
2016/6/1,1,CHF,1.929055107,A,b,6,97.159393,g
2016/6/2,1,CHF,1.561975063,A,b,6,95.766068,g
2016/6/3,1,CHF,1.229186893,A,b,6,95.952507,g
2016/6/6,1,CHF,1.624914149,A,b,6,96.14875,g
2016/6/7,1,CHF,1.338136312,A,b,6,97.385071,g
2016/6/8,1,CHF,1.498123344,A,b,6,97.159393,g
2016/6/9,1,CHF,1.343293323,A,b,6,96.649162,g
2016/6/10,1,CHF,1.776533781,A,b,6,96.678596,g
2016/6/13,1,CHF,1.305228913,A,b,6,96.835602,g
2016/6/14,1,CHF,1.497066117,A,b,6,95.491341,g
2016/6/15,1,CHF,1.57347168,A,b,6,95.981949,g
2016/6/16,1,CHF,1.609155921,A,b,6,94.63768,g
2016/6/17,1,CHF,1.31442081,A,b,6,94.804497,g
2016/6/20,1,CHF,1.649616247,A,b,6,94.196144,g
2016/6/21,1,CHF,1.371268141,A,b,6,93.156059,g
2016/6/22,1,CHF,1.282348294,A,b,6,94.441437,g
2016/6/23,1,CHF,1.809776316,A,b,6,94.137268,g
2016/6/24,1,CHF,1.611877287,A,b,6,91.1642,g
2016/6/27,1,CHF,1.162999212,A,b,6,91.252518,g
2016/6/28,1,CHF,1.041356456,A,b,6,91.154388,g
2016/6/29,1,CHF,1.745845365,A,b,6,92.204285,g
2016/6/30,1,CHF,1.125797258,A,b,6,92.665459,g
2016/7/1,1,CHF,1.10576419,A,b,6,93.695709,g
2016/7/5,1,CHF,1.945561507,A,b,6,93.597595,g
2016/7/6,1,CHF,1.488018866,A,b,6,92.822449,g
2016/7/7,1,CHF,1.2160001,A,b,6,93.901779,g
2016/7/8,1,CHF,1.46072331,A,b,6,94.676941,g
2016/7/11,1,CHF,1.36995088,A,b,6,94.932045,g
2016/7/12,1,CHF,1.763288069,A,b,6,95.344162,g
2016/7/13,1,CHF,1.76950223,A,b,6,95.579643,g
2016/7/14,1,CHF,1.766806483,A,b,6,95.56002,g
2016/7/15,1,CHF,1.067858917,A,b,6,97.061272,g
2016/7/18,1,CHF,1.509314103,A,b,6,96.845398,g
2016/7/19,1,CHF,1.189887358,A,b,6,97.689247,g
2016/7/20,1,CHF,1.06400319,A,b,6,98.120972,g
2016/7/21,1,CHF,1.332969529,A,b,6,97.95417,g
2016/7/22,1,CHF,1.704949787,A,b,6,97.39489,g
2016/7/25,1,CHF,1.056516204,A,b,6,96.403862,g
2016/7/26,1,CHF,1.71613528,A,b,6,95.000732,g
2016/7/27,1,CHF,1.142377458,A,b,6,102.310753,g
2016/7/28,1,CHF,1.887260042,A,b,6,100.897812,g
2016/7/29,1,CHF,1.258153907,A,b,6,102.232246,g
2016/8/1,1,CHF,1.538721243,A,b,6,102.44812,g
2016/8/2,1,CHF,1.427714801,A,b,6,104.057297,g
2016/8/3,1,CHF,1.582120023,A,b,6,102.840591,g
2016/8/4,1,CHF,1.560813719,A,b,6,104.157341,g
2016/8/5,1,CHF,1.334349008,A,b,6,104.838028,g
2016/8/8,1,CHF,1.879267785,A,b,6,106.07119,g
2016/8/9,1,CHF,1.147227227,A,b,6,106.771622,g
2016/8/10,1,CHF,1.242316018,A,b,6,107.245155,g
2016/8/11,1,CHF,1.907586806,A,b,6,107.057709,g
2016/8/12,1,CHF,1.895612119,A,b,6,106.327682,g
2016/8/15,1,CHF,1.072855466,A,b,6,106.682838,g
2016/8/16,1,CHF,1.158572037,A,b,6,108.152756,g
2016/8/17,1,CHF,1.160958554,A,b,6,107.629898,g
2016/8/18,1,CHF,1.521767612,A,b,6,107.758148,g
2016/8/19,1,CHF,1.07727004,A,b,6,107.304344,g
2016/8/22,1,CHF,1.751977679,A,b,6,107.393135,g
2016/8/23,1,CHF,1.868108885,A,b,6,107.126762,g
2016/8/24,1,CHF,1.669602264,A,b,6,107.107048,g
2016/8/25,1,CHF,1.30760998,A,b,6,105.94294,g
2016/8/26,1,CHF,1.232142849,A,b,6,105.962677,g
2016/8/29,1,CHF,1.430398024,A,b,6,105.183311,g
2016/8/30,1,CHF,1.338221511,A,b,6,104.374367,g
2016/8/31,1,CHF,1.114171906,A,b,6,104.236259,g
2016/9/1,1,CHF,1.473038281,A,b,6,104.709793,g
2016/9/2,1,CHF,1.520561697,A,b,6,106.248756,g
2016/9/6,1,CHF,1.350619329,A,b,6,106.446068,g
2016/9/7,1,CHF,1.851716581,A,b,6,106.377014,g
2016/9/8,1,CHF,1.318566396,A,b,6,105.804825,g
2016/9/9,1,CHF,1.687187338,A,b,6,103.229996,g
2016/9/12,1,CHF,1.714164834,A,b,6,101.266808,g
2016/9/13,1,CHF,1.001837119,A,b,6,106.061317,g
2016/9/14,1,CHF,1.494107296,A,b,6,107.264893,g
2016/9/15,1,CHF,1.147595484,A,b,6,112.32576,g
2016/9/16,1,CHF,1.447349925,A,b,6,113.568779,g
2016/9/19,1,CHF,1.000178849,A,b,6,113.637833,g
2016/9/20,1,CHF,1.369108188,A,b,6,111.52668,g
2016/9/21,1,CHF,1.653154577,A,b,6,112.315895,g
2016/9/22,1,CHF,1.824741447,A,b,6,112.809158,g
2016/9/23,1,CHF,1.275078456,A,b,6,112.878212,g
2016/9/26,1,CHF,1.009446569,A,b,6,110.135666,g
2016/9/27,1,CHF,1.766554135,A,b,6,111.477348,g
2016/9/28,1,CHF,1.66059235,A,b,6,112.158051,g
2016/9/29,1,CHF,1.688619689,A,b,6,111.635201,g
2016/9/30,1,CHF,1.648411231,A,b,6,110.944626,g
2016/10/3,1,CHF,1.609872819,A,b,6,111.191254,g
2016/10/4,1,CHF,1.615587113,A,b,6,111.536537,g
2016/10/5,1,CHF,1.069792175,A,b,6,111.871964,g
2016/10/6,1,CHF,1.298300677,A,b,6,112.167915,g
2016/10/7,1,CHF,1.642174858,A,b,6,112.769691,g
2016/10/10,1,CHF,1.667409901,A,b,6,113.470123,g
2016/10/11,1,CHF,1.460435714,A,b,6,116.114014,g
2016/10/12,1,CHF,1.769018441,A,b,6,115.76873,g
2016/10/13,1,CHF,1.434974365,A,b,6,115.216278,g
2016/10/14,1,CHF,1.616285238,A,b,6,116.291588,g
2016/10/17,1,CHF,1.420986047,A,b,6,115.749001,g
2016/10/18,1,CHF,1.842996567,A,b,6,116.587555,g
2016/10/19,1,CHF,1.258909133,A,b,6,115.670074,g
2016/10/20,1,CHF,1.00114235,A,b,6,115.285332,g
2016/10/21,1,CHF,1.41836984,A,b,6,115.236008,g
2016/10/24,1,CHF,1.200647087,A,b,6,115.522102,g
2016/10/25,1,CHF,1.159955207,A,b,6,116.360641,g
2016/10/26,1,CHF,1.698345475,A,b,6,112.769691,g
2016/10/27,1,CHF,1.819668774,A,b,6,113.835144,g
2016/10/28,1,CHF,1.841264244,A,b,6,112.335625,g
2016/10/31,1,CHF,1.281355527,A,b,6,112.118591,g
2016/11/1,1,CHF,1.672135253,A,b,6,111.931152,g
2016/11/2,1,CHF,1.747774907,A,b,6,109.898911,g
2016/11/3,1,CHF,1.526778092,A,b,6,110.046684,g
2016/11/4,1,CHF,1.581884104,A,b,6,107.617294,g
2016/11/7,1,CHF,1.419615211,A,b,6,109.154251,g
2016/11/8,1,CHF,1.48271582,A,b,6,109.382317,g
2016/11/9,1,CHF,1.59163725,A,b,6,108.955933,g
2016/11/10,1,CHF,1.18744416,A,b,6,110.155754,g
2016/11/11,1,CHF,1.782174911,A,b,6,106.219147,g
2016/11/14,1,CHF,1.132552045,A,b,6,106.804184,g
2016/11/15,1,CHF,1.886859099,A,b,6,105.673775,g
2016/11/16,1,CHF,1.21083441,A,b,6,105.802673,g
2016/11/17,1,CHF,1.995659993,A,b,6,108.88652,g
2016/11/18,1,CHF,1.173940557,A,b,6,108.797279,g
2016/11/21,1,CHF,1.813762684,A,b,6,109.193924,g
2016/11/22,1,CHF,1.140922471,A,b,6,111.008522,g
2016/11/23,1,CHF,1.377545385,A,b,6,110.423485,g
2016/11/25,1,CHF,1.035754457,A,b,6,110.195419,g
2016/11/28,1,CHF,1.918641849,A,b,6,110.492905,g
2016/11/29,1,CHF,1.72253234,A,b,6,109.848366,g
2016/11/30,1,CHF,1.549471979,A,b,6,110.661469,g
2016/12/1,1,CHF,1.92017454,A,b,6,109.441818,g
2016/12/2,1,CHF,1.827846789,A,b,6,108.2519,g
2016/12/5,1,CHF,1.825159291,A,b,6,109.074928,g
2016/12/6,1,CHF,1.040774369,A,b,6,108.579132,g
2016/12/7,1,CHF,1.900875654,A,b,6,108.341148,g
2016/12/8,1,CHF,1.330345472,A,b,6,109.927696,g
2016/12/9,1,CHF,1.227281239,A,b,6,111.365501,g
2016/12/12,1,CHF,1.467810563,A,b,6,112.337257,g
2016/12/13,1,CHF,1.11277503,A,b,6,112.882629,g
2016/12/14,1,CHF,1.149770529,A,b,6,114.07254,g
2016/12/15,1,CHF,1.551721005,A,b,6,114.409683,g
2016/12/16,1,CHF,1.403348591,A,b,6,115.490517,g
2016/12/19,1,CHF,1.660956906,A,b,6,114.826157,g
2016/12/20,1,CHF,1.944605614,A,b,6,115.75824,g
2016/12/21,1,CHF,1.635766429,A,b,6,115.817741,g
2016/12/22,1,CHF,1.729370217,A,b,6,115.371529,g
2016/12/23,1,CHF,1.338736974,A,b,6,114.617912,g
2016/12/27,1,CHF,1.267014204,A,b,6,115.540092,g
2016/12/28,1,CHF,1.431460851,A,b,6,116.531685,g
2016/12/29,1,CHF,1.644983664,A,b,6,115.47068,g
2016/12/30,1,CHF,1.535751962,A,b,6,115.669006,g
2016/1/4,1,CHF,1.131280146,B,a,7,102.209778,f
2016/1/5,1,CHF,1.80338369,B,a,7,102.675377,f
2016/1/6,1,CHF,1.619683893,B,a,7,99.299767,f
2016/1/7,1,CHF,1.798932272,B,a,7,97.126945,f
2016/1/8,1,CHF,1.540668738,B,a,7,96.137535,f
2016/1/11,1,CHF,1.087833314,B,a,7,96.089035,f
2016/1/12,1,CHF,1.916702483,B,a,7,97.670151,f
2016/1/13,1,CHF,1.370903698,B,a,7,98.155159,f
2016/1/14,1,CHF,1.31949858,B,a,7,97.466438,f
2016/1/15,1,CHF,1.014816316,B,a,7,94.779518,f
2016/1/19,1,CHF,1.919325319,B,a,7,95.691338,f
2016/1/20,1,CHF,1.641473287,B,a,7,95.245117,f
2016/1/21,1,CHF,1.343376943,B,a,7,94.94442,f
2016/1/22,1,CHF,1.007618762,B,a,7,98.417046,f
2016/1/25,1,CHF,1.754756636,B,a,7,98.484955,f
2016/1/26,1,CHF,1.776923725,B,a,7,97.854431,f
2016/1/27,1,CHF,1.806860142,B,a,7,93.731911,f
2016/1/28,1,CHF,1.705511189,B,a,7,91.685188,f
2016/1/29,1,CHF,1.117586587,B,a,7,94.420609,f
2016/2/1,1,CHF,1.374239159,B,a,7,93.809509,f
2016/2/2,1,CHF,1.247255548,B,a,7,93.159599,f
2016/2/3,1,CHF,1.004835298,B,a,7,93.935623,f
2016/2/4,1,CHF,1.291957469,B,a,7,94.92321,f
2016/2/5,1,CHF,1.648698303,B,a,7,94.523354,f
2016/2/8,1,CHF,1.945412833,B,a,7,93.333511,f
2016/2/9,1,CHF,1.914824326,B,a,7,93.567589,f
2016/2/10,1,CHF,1.462012575,B,a,7,93.967445,f
2016/2/11,1,CHF,1.497713341,B,a,7,92.377754,f
2016/2/12,1,CHF,1.034279346,B,a,7,92.163193,f
2016/2/16,1,CHF,1.15363026,B,a,7,94.455086,f
2016/2/17,1,CHF,1.452850935,B,a,7,95.781448,f
2016/2/18,1,CHF,1.811337788,B,a,7,96.444641,f
2016/2/19,1,CHF,1.702915294,B,a,7,94.36731,f
2016/2/22,1,CHF,1.97698225,B,a,7,94.503845,f
2016/2/23,1,CHF,1.327543188,B,a,7,94.113739,f
2016/2/24,1,CHF,1.567165348,B,a,7,93.996712,f
2016/2/25,1,CHF,1.787966372,B,a,7,94.36731,f
2016/2/26,1,CHF,1.361345317,B,a,7,95.596146,f
2016/2/29,1,CHF,1.573548023,B,a,7,95.800957,f
2016/3/1,1,CHF,1.18987804,B,a,7,98.278152,f
2016/3/2,1,CHF,1.700194302,B,a,7,98.395187,f
2016/3/3,1,CHF,1.507911627,B,a,7,99.194893,f
2016/3/4,1,CHF,1.096003364,B,a,7,101.184456,f
2016/3/7,1,CHF,1.761674452,B,a,7,100.287209,f
2016/3/8,1,CHF,1.062152138,B,a,7,99.243668,f
2016/3/9,1,CHF,1.851512168,B,a,7,99.068115,f
2016/3/10,1,CHF,1.877271184,B,a,7,99.711807,f
2016/3/11,1,CHF,1.509499735,B,a,7,99.750809,f
2016/3/14,1,CHF,1.419942618,B,a,7,100.365234,f
2016/3/15,1,CHF,1.143210661,B,a,7,102.579094,f
2016/3/16,1,CHF,1.501211079,B,a,7,103.681152,f
2016/3/17,1,CHF,1.79612217,B,a,7,103.837204,f
2016/3/18,1,CHF,1.783883731,B,a,7,103.866463,f
2016/3/21,1,CHF,1.567383328,B,a,7,104.988029,f
2016/3/22,1,CHF,1.415802317,B,a,7,104.636917,f
2016/3/23,1,CHF,1.484484592,B,a,7,104.422371,f
2016/3/24,1,CHF,1.054468274,B,a,7,103.622635,f
2016/3/28,1,CHF,1.577933581,B,a,7,103.564117,f
2016/3/29,1,CHF,1.230122776,B,a,7,105.12455,f
2016/3/30,1,CHF,1.797990553,B,a,7,107.689514,f
2016/3/31,1,CHF,1.538387616,B,a,7,107.182388,f
2016/4/1,1,CHF,1.384857712,B,a,7,107.279907,f
2016/4/4,1,CHF,1.603095767,B,a,7,109.415756,f
2016/4/5,1,CHF,1.833809178,B,a,7,107.991859,f
2016/4/6,1,CHF,1.922492917,B,a,7,108.23568,f
2016/4/7,1,CHF,1.107120487,B,a,7,107.689514,f
2016/4/8,1,CHF,1.685704473,B,a,7,107.055595,f
2016/4/11,1,CHF,1.790547914,B,a,7,107.874832,f
2016/4/12,1,CHF,1.135222544,B,a,7,107.76754,f
2016/4/13,1,CHF,1.391885273,B,a,7,109.56205,f
2016/4/14,1,CHF,1.854872303,B,a,7,109.610802,f
2016/4/15,1,CHF,1.349520796,B,a,7,109.523041,f
2016/4/18,1,CHF,1.347229902,B,a,7,106.255859,f
2016/4/19,1,CHF,1.932321958,B,a,7,105.329361,f
2016/4/20,1,CHF,1.794667595,B,a,7,105.417145,f
2016/4/21,1,CHF,1.092470712,B,a,7,104.285828,f
2016/4/22,1,CHF,1.676649397,B,a,7,103.846954,f
2016/4/25,1,CHF,1.614442935,B,a,7,103.037483,f
2016/4/26,1,CHF,1.290032863,B,a,7,102.696136,f
2016/4/27,1,CHF,1.958858242,B,a,7,96.269089,f
2016/4/28,1,CHF,1.741581762,B,a,7,95.45961,f
2016/4/29,1,CHF,1.529845824,B,a,7,92.377754,f
2016/5/2,1,CHF,1.883544,B,a,7,91.753578,f
2016/5/3,1,CHF,1.048955431,B,a,7,93.372528,f
2016/5/4,1,CHF,1.983597125,B,a,7,93.52858,f
2016/5/5,1,CHF,1.517374291,B,a,7,92.302399,f
2016/5/6,1,CHF,1.07960609,B,a,7,91.694054,f
2016/5/9,1,CHF,1.234177176,B,a,7,92.008034,f
2016/5/10,1,CHF,1.169579346,B,a,7,91.811798,f
2016/5/11,1,CHF,1.115569742,B,a,7,91.811798,f
2016/5/12,1,CHF,1.991842672,B,a,7,91.036644,f
2016/5/13,1,CHF,1.301870779,B,a,7,89.947495,f
2016/5/16,1,CHF,1.55560641,B,a,7,92.616386,f
2016/5/17,1,CHF,1.887345813,B,a,7,92.920563,f
2016/5/18,1,CHF,1.080073709,B,a,7,93.420982,f
2016/5/19,1,CHF,1.395282216,B,a,7,92.861687,f
2016/5/20,1,CHF,1.904702394,B,a,7,93.636848,f
2016/5/23,1,CHF,1.38969128,B,a,7,95.363785,f
2016/5/24,1,CHF,1.782817317,B,a,7,96.246864,f
2016/5/25,1,CHF,1.113903577,B,a,7,97.86586,f
2016/5/26,1,CHF,1.972136123,B,a,7,98.837273,f
2016/5/27,1,CHF,1.218316387,B,a,7,98.582146,f
2016/5/31,1,CHF,1.147118286,B,a,7,98.513466,f
2016/6/1,1,CHF,1.410810383,B,a,7,97.669617,f
2016/6/2,1,CHF,1.827034942,B,a,7,96.001572,f
2016/6/3,1,CHF,1.638006684,B,a,7,96.423485,f
2016/6/6,1,CHF,1.080192331,B,a,7,99.975464,f
2016/6/7,1,CHF,1.378619239,B,a,7,97.993423,f
2016/6/8,1,CHF,1.732428083,B,a,7,97.689247,f
2016/6/9,1,CHF,1.009740514,B,a,7,98.111168,f
2016/6/10,1,CHF,1.140604951,B,a,7,97.483185,f
2016/6/13,1,CHF,1.303436045,B,a,7,97.257515,f
2016/6/14,1,CHF,1.76152669,B,a,7,96.629539,f
2016/6/15,1,CHF,1.952016389,B,a,7,96.56086,f
2016/6/16,1,CHF,1.11365995,B,a,7,95.913254,f
2016/6/17,1,CHF,1.5585585,B,a,7,94.833931,f
2016/6/20,1,CHF,1.68161865,B,a,7,94.755424,f
2016/6/21,1,CHF,1.508918388,B,a,7,94.539566,f
2016/6/22,1,CHF,1.023596992,B,a,7,95.069412,f
2016/6/23,1,CHF,1.933848034,B,a,7,94.480698,f
2016/6/24,1,CHF,1.206704756,B,a,7,92.881317,f
2016/6/27,1,CHF,1.848277783,B,a,7,91.301575,f
2016/6/28,1,CHF,1.89379987,B,a,7,91.900116,f
2016/6/29,1,CHF,1.446077472,B,a,7,92.773384,f
2016/6/30,1,CHF,1.185845619,B,a,7,93.970459,f
2016/7/1,1,CHF,1.541419599,B,a,7,94.65731,f
2016/7/5,1,CHF,1.240090882,B,a,7,93.607414,f
2016/7/6,1,CHF,1.954633896,B,a,7,93.862526,f
2016/7/7,1,CHF,1.654445966,B,a,7,94.686745,f
2016/7/8,1,CHF,1.396990319,B,a,7,95.069412,f
2016/7/11,1,CHF,1.852735799,B,a,7,95.81514,f
2016/7/12,1,CHF,1.437677536,B,a,7,95.864189,f
2016/7/13,1,CHF,1.713204227,B,a,7,95.834763,f
2016/7/14,1,CHF,1.101678793,B,a,7,97.129951,f
2016/7/15,1,CHF,1.847048212,B,a,7,97.434128,f
2016/7/18,1,CHF,1.295720362,B,a,7,98.248535,f
2016/7/19,1,CHF,1.410112672,B,a,7,98.120972,f
2016/7/20,1,CHF,1.15849387,B,a,7,98.572334,f
2016/7/21,1,CHF,1.338515908,B,a,7,99.10218,f
2016/7/22,1,CHF,1.560496269,B,a,7,97.434128,f
2016/7/25,1,CHF,1.12569317,B,a,7,96.982773,f
2016/7/26,1,CHF,1.772340982,B,a,7,96.129128,f
2016/7/27,1,CHF,1.910546996,B,a,7,102.389236,f
2016/7/28,1,CHF,1.285391963,B,a,7,102.487358,f
2016/7/29,1,CHF,1.353965592,B,a,7,102.585487,f
2016/8/1,1,CHF,1.578261938,B,a,7,104.155426,f
2016/8/2,1,CHF,1.156599328,B,a,7,104.07692,f
2016/8/3,1,CHF,1.48126263,B,a,7,103.851242,f
2016/8/4,1,CHF,1.729145046,B,a,7,104.571663,f
2016/8/5,1,CHF,1.694953273,B,a,7,106.199448,f
2016/8/8,1,CHF,1.468781629,B,a,7,106.909737,f
2016/8/9,1,CHF,1.007557059,B,a,7,107.472054,f
2016/8/10,1,CHF,1.694146107,B,a,7,107.432602,f
2016/8/11,1,CHF,1.283517779,B,a,7,107.462196,f
2016/8/12,1,CHF,1.330952222,B,a,7,106.978798,f
2016/8/15,1,CHF,1.097194451,B,a,7,108.063972,f
2016/8/16,1,CHF,1.885014958,B,a,7,108.744675,f
2016/8/17,1,CHF,1.36131084,B,a,7,107.896263,f
2016/8/18,1,CHF,1.14633561,B,a,7,108.123161,f
2016/8/19,1,CHF,1.708820006,B,a,7,108.211952,f
2016/8/22,1,CHF,1.705105378,B,a,7,107.629898,f
2016/8/23,1,CHF,1.287384397,B,a,7,107.846931,f
2016/8/24,1,CHF,1.689084501,B,a,7,107.284615,f
2016/8/25,1,CHF,1.010948935,B,a,7,106.426338,f
2016/8/26,1,CHF,1.439471365,B,a,7,106.495399,f
2016/8/29,1,CHF,1.636796264,B,a,7,105.992271,f
2016/8/30,1,CHF,1.612386026,B,a,7,105.064941,f
2016/8/31,1,CHF,1.723056821,B,a,7,105.133995,f
2016/9/1,1,CHF,1.860145641,B,a,7,105.360893,f
2016/9/2,1,CHF,1.884596158,B,a,7,106.544724,f
2016/9/6,1,CHF,1.751071017,B,a,7,106.840683,f
2016/9/7,1,CHF,1.931780579,B,a,7,107.294479,f
2016/9/8,1,CHF,1.046828226,B,a,7,105.824554,f
2016/9/9,1,CHF,1.856085149,B,a,7,104.295448,f
2016/9/12,1,CHF,1.397142958,B,a,7,104.295448,f
2016/9/13,1,CHF,1.837007594,B,a,7,107.324074,f
2016/9/14,1,CHF,1.55287341,B,a,7,111.506943,f
2016/9/15,1,CHF,1.476755434,B,a,7,114.170563,f
2016/9/16,1,CHF,1.743624669,B,a,7,114.56517,f
2016/9/19,1,CHF,1.939564141,B,a,7,114.614502,f
2016/9/20,1,CHF,1.749094563,B,a,7,112.58226,f
2016/9/21,1,CHF,1.959316414,B,a,7,112.45401,f
2016/9/22,1,CHF,1.34222843,B,a,7,113.391212,f
2016/9/23,1,CHF,1.659582277,B,a,7,113.243225,f
2016/9/26,1,CHF,1.996339251,B,a,7,111.862091,f
2016/9/27,1,CHF,1.412913025,B,a,7,111.654922,f
2016/9/28,1,CHF,1.427509259,B,a,7,113.095253,f
2016/9/29,1,CHF,1.281172751,B,a,7,112.266571,f
2016/9/30,1,CHF,1.392200884,B,a,7,111.842369,f
2016/10/3,1,CHF,1.717538999,B,a,7,111.52668,f
2016/10/4,1,CHF,1.96556749,B,a,7,112.769691,f
2016/10/5,1,CHF,1.688106387,B,a,7,112.128456,f
2016/10/6,1,CHF,1.054900527,B,a,7,112.799294,f
2016/10/7,1,CHF,1.830381622,B,a,7,113.016327,f
2016/10/10,1,CHF,1.149527932,B,a,7,115.176819,f
2016/10/11,1,CHF,1.255026109,B,a,7,117.090675,f
2016/10/12,1,CHF,1.318991439,B,a,7,116.390251,f
2016/10/13,1,CHF,1.202504447,B,a,7,115.857521,f
2016/10/14,1,CHF,1.559130427,B,a,7,116.577682,f
2016/10/17,1,CHF,1.722283388,B,a,7,116.252121,f
2016/10/18,1,CHF,1.378078768,B,a,7,116.617149,f
2016/10/19,1,CHF,1.459397797,B,a,7,116.17321,f
2016/10/20,1,CHF,1.413222142,B,a,7,115.798325,f
2016/10/21,1,CHF,1.363314984,B,a,7,115.334663,f
2016/10/24,1,CHF,1.113377254,B,a,7,116.153473,f
2016/10/25,1,CHF,1.727688403,B,a,7,116.765129,f
2016/10/26,1,CHF,1.11878529,B,a,7,114.140961,f
2016/10/27,1,CHF,1.985735759,B,a,7,114.298813,f
2016/10/28,1,CHF,1.500559981,B,a,7,113.65757,f
2016/10/31,1,CHF,1.452055715,B,a,7,112.690773,f
2016/11/1,1,CHF,1.512099984,B,a,7,112.236961,f
2016/11/2,1,CHF,1.26006703,B,a,7,110.836105,f
2016/11/3,1,CHF,1.790841376,B,a,7,110.522652,f
2016/11/4,1,CHF,1.516268523,B,a,7,109.322823,f
2016/11/7,1,CHF,1.234113593,B,a,7,109.580635,f
2016/11/8,1,CHF,1.096504344,B,a,7,110.780464,f
2016/11/9,1,CHF,1.311420526,B,a,7,110.383827,f
2016/11/10,1,CHF,1.978821676,B,a,7,110.155754,f
2016/11/11,1,CHF,1.246628937,B,a,7,107.95443,f
2016/11/14,1,CHF,1.24259856,B,a,7,106.903343,f
2016/11/15,1,CHF,1.171781256,B,a,7,106.774437,f
2016/11/16,1,CHF,1.522357493,B,a,7,109.303001,f
2016/11/17,1,CHF,1.131440235,B,a,7,109.421982,f
2016/11/18,1,CHF,1.391737861,B,a,7,109.610382,f
2016/11/21,1,CHF,1.564684161,B,a,7,111.048187,f
2016/11/22,1,CHF,1.438111197,B,a,7,111.474571,f
2016/11/23,1,CHF,1.701574985,B,a,7,110.572227,f
2016/11/25,1,CHF,1.088065572,B,a,7,110.929207,f
2016/11/28,1,CHF,1.758697517,B,a,7,111.524155,f
2016/11/29,1,CHF,1.288815742,B,a,7,111.087852,f
2016/11/30,1,CHF,1.946696104,B,a,7,111.256424,f
2016/12/1,1,CHF,1.528859272,B,a,7,110.007027,f
2016/12/2,1,CHF,1.315328076,B,a,7,109.164169,f
2016/12/5,1,CHF,1.271976301,B,a,7,109.104675,f
2016/12/6,1,CHF,1.697560917,B,a,7,109.4319,f
2016/12/7,1,CHF,1.678096712,B,a,7,110.254921,f
2016/12/8,1,CHF,1.040114332,B,a,7,111.484489,f
2016/12/9,1,CHF,1.806329814,B,a,7,113.735397,f
2016/12/12,1,CHF,1.843589403,B,a,7,114.032883,f
2016/12/13,1,CHF,1.869314454,B,a,7,114.945137,f
2016/12/14,1,CHF,1.344055129,B,a,7,115.222786,f
2016/12/15,1,CHF,1.38310678,B,a,7,115.748337,f
2016/12/16,1,CHF,1.249025203,B,a,7,115.520264,f
2016/12/19,1,CHF,1.91234878,B,a,7,116.39286,f
2016/12/20,1,CHF,1.556201064,B,a,7,116.511856,f
2016/12/21,1,CHF,1.27222552,B,a,7,116.412697,f
2016/12/22,1,CHF,1.184906736,B,a,7,115.530182,f
2016/12/23,1,CHF,1.312924807,B,a,7,115.540092,f
2016/12/27,1,CHF,1.797760909,B,a,7,116.809334,f
2016/12/28,1,CHF,1.606937698,B,a,7,117.027481,f
2016/12/29,1,CHF,1.153067902,B,a,7,116.125137,f
2016/12/30,1,CHF,1.345891055,B,a,7,116.214378,f
2016/1/4,1,CHF,1.888053513,B,b,6,98.940857,g
2016/1/5,1,CHF,1.195023155,B,b,6,99.33857,g
2016/1/6,1,CHF,1.456912618,B,b,6,96.874741,g
2016/1/7,1,CHF,1.217680278,B,b,6,93.53791,g
2016/1/8,1,CHF,1.56047469,B,b,6,93.858017,g
2016/1/11,1,CHF,1.317863557,B,b,6,94.420609,g
2016/1/12,1,CHF,1.395067424,B,b,6,95.875633,g
2016/1/13,1,CHF,1.37365965,B,b,6,94.381821,g
2016/1/14,1,CHF,1.845658922,B,b,6,92.868591,g
2016/1/15,1,CHF,1.159560107,B,b,6,92.5,g
2016/1/19,1,CHF,1.409725994,B,b,6,92.635803,g
2016/1/20,1,CHF,1.077749588,B,b,6,90.618187,g
2016/1/21,1,CHF,1.253744989,B,b,6,92.09259,g
2016/1/22,1,CHF,1.001745337,B,b,6,95.419724,g
2016/1/25,1,CHF,1.662038041,B,b,6,96.234535,g
2016/1/26,1,CHF,1.986997581,B,b,6,95.128723,g
2016/1/27,1,CHF,1.689934312,B,b,6,90.540581,g
2016/1/28,1,CHF,1.073242633,B,b,6,89.619072,g
2016/1/29,1,CHF,1.104622327,B,b,6,91.520294,g
2016/2/1,1,CHF,1.687633105,B,b,6,92.538811,g
2016/2/2,1,CHF,1.624965263,B,b,6,91.452393,g
2016/2/3,1,CHF,1.977667093,B,b,6,91.258392,g
2016/2/4,1,CHF,1.407991616,B,b,6,92.836136,g
2016/2/5,1,CHF,1.612446312,B,b,6,91.373238,g
2016/2/8,1,CHF,1.291431858,B,b,6,90.739296,g
2016/2/9,1,CHF,1.806879424,B,b,6,91.607285,g
2016/2/10,1,CHF,1.755310205,B,b,6,91.773087,g
2016/2/11,1,CHF,1.220351271,B,b,6,90.300423,g
2016/2/12,1,CHF,1.435388528,B,b,6,90.710045,g
2016/2/16,1,CHF,1.464906325,B,b,6,92.270477,g
2016/2/17,1,CHF,1.45802543,B,b,6,93.772392,g
2016/2/18,1,CHF,1.146978774,B,b,6,93.713875,g
2016/2/19,1,CHF,1.807923882,B,b,6,93.431053,g
2016/2/22,1,CHF,1.518755907,B,b,6,93.54808,g
2016/2/23,1,CHF,1.889677074,B,b,6,92.211952,g
2016/2/24,1,CHF,1.934391762,B,b,6,91.012375,g
2016/2/25,1,CHF,1.995843642,B,b,6,92.894653,g
2016/2/26,1,CHF,1.662400107,B,b,6,94.191757,g
2016/2/29,1,CHF,1.265934216,B,b,6,94.260025,g
2016/3/1,1,CHF,1.499990908,B,b,6,95.010994,g
2016/3/2,1,CHF,1.099088116,B,b,6,97.176079,g
2016/3/3,1,CHF,1.419578252,B,b,6,97.966064,g
2016/3/4,1,CHF,1.623447363,B,b,6,98.863319,g
2016/3/7,1,CHF,1.2889232,B,b,6,98.463455,g
2016/3/8,1,CHF,1.607373027,B,b,6,97.917297,g
2016/3/9,1,CHF,1.586324673,B,b,6,97.790504,g
2016/3/10,1,CHF,1.969871072,B,b,6,97.673477,g
2016/3/11,1,CHF,1.898416428,B,b,6,98.990097,g
2016/3/14,1,CHF,1.792030468,B,b,6,99.263176,g
2016/3/15,1,CHF,1.347341288,B,b,6,101.28199,g
2016/3/16,1,CHF,1.148909539,B,b,6,102.003693,g
2016/3/17,1,CHF,1.502603392,B,b,6,102.364532,g
2016/3/18,1,CHF,1.066240552,B,b,6,102.588852,g
2016/3/21,1,CHF,1.93896161,B,b,6,102.540085,g
2016/3/22,1,CHF,1.237204133,B,b,6,102.60836,g
2016/3/23,1,CHF,1.177904008,B,b,6,103.281296,g
2016/3/24,1,CHF,1.721901526,B,b,6,102.296272,g
2016/3/28,1,CHF,1.585693593,B,b,6,102.462067,g
2016/3/29,1,CHF,1.832513248,B,b,6,102.286514,g
2016/3/30,1,CHF,1.959266495,B,b,6,105.914528,g
2016/3/31,1,CHF,1.384623656,B,b,6,106.187599,g
2016/4/1,1,CHF,1.517309182,B,b,6,105.524422,g
2016/4/4,1,CHF,1.999992689,B,b,6,107.543236,g
2016/4/5,1,CHF,1.319030262,B,b,6,106.714249,g
2016/4/6,1,CHF,1.234060833,B,b,6,106.499687,g
2016/4/7,1,CHF,1.602499213,B,b,6,105.446404,g
2016/4/8,1,CHF,1.983829771,B,b,6,105.495163,g
2016/4/11,1,CHF,1.208817709,B,b,6,106.138847,g
2016/4/12,1,CHF,1.509805231,B,b,6,105.973045,g
2016/4/13,1,CHF,1.359518549,B,b,6,108.060127,g
2016/4/14,1,CHF,1.019441833,B,b,6,108.577019,g
2016/4/15,1,CHF,1.563577968,B,b,6,107.016594,g
2016/4/18,1,CHF,1.515386549,B,b,6,104.295586,g
2016/4/19,1,CHF,1.542770136,B,b,6,103.603134,g
2016/4/20,1,CHF,1.414148614,B,b,6,103.43734,g
2016/4/21,1,CHF,1.990304218,B,b,6,102.91069,g
2016/4/22,1,CHF,1.057476447,B,b,6,102.032951,g
2016/4/25,1,CHF,1.838897587,B,b,6,101.925667,g
2016/4/26,1,CHF,1.42018751,B,b,6,101.3405,g
2016/4/27,1,CHF,1.149965741,B,b,6,93.314011,g
2016/4/28,1,CHF,1.20106777,B,b,6,91.919373,g
2016/4/29,1,CHF,1.411740696,B,b,6,90.222404,g
2016/5/2,1,CHF,1.289508585,B,b,6,90.115128,g
2016/5/3,1,CHF,1.1259534,B,b,6,91.363464,g
2016/5/4,1,CHF,1.226747298,B,b,6,91.500008,g
2016/5/5,1,CHF,1.926891547,B,b,6,90.93853,g
2016/5/6,1,CHF,1.603279963,B,b,6,90.124115,g
2016/5/9,1,CHF,1.257047408,B,b,6,90.850212,g
2016/5/10,1,CHF,1.191730853,B,b,6,90.379234,g
2016/5/11,1,CHF,1.396664106,B,b,6,90.722656,g
2016/5/12,1,CHF,1.73915745,B,b,6,87.788841,g
2016/5/13,1,CHF,1.959276783,B,b,6,88.308876,g
2016/5/16,1,CHF,1.307227697,B,b,6,89.927879,g
2016/5/17,1,CHF,1.89549255,B,b,6,91.262329,g
2016/5/18,1,CHF,1.963113518,B,b,6,92.125786,g
2016/5/19,1,CHF,1.280120878,B,b,6,91.811798,g
2016/5/20,1,CHF,1.434076508,B,b,6,92.743942,g
2016/5/23,1,CHF,1.324920142,B,b,6,93.872345,g
2016/5/24,1,CHF,1.8846162,B,b,6,95.020355,g
2016/5/25,1,CHF,1.996845581,B,b,6,96.266502,g
2016/5/26,1,CHF,1.486227451,B,b,6,96.786537,g
2016/5/27,1,CHF,1.231647674,B,b,6,97.385071,g
2016/5/31,1,CHF,1.840450789,B,b,6,96.96315,g
2016/6/1,1,CHF,1.055341483,B,b,6,96.482361,g
2016/6/2,1,CHF,1.009324218,B,b,6,94.814293,g
2016/6/3,1,CHF,1.766853398,B,b,6,95.618889,g
2016/6/6,1,CHF,1.638126865,B,b,6,95.717018,g
2016/6/7,1,CHF,1.497341136,B,b,6,97.100525,g
2016/6/8,1,CHF,1.909309644,B,b,6,96.825775,g
2016/6/9,1,CHF,1.16482543,B,b,6,96.609924,g
2016/6/10,1,CHF,1.154212874,B,b,6,96.629539,g
2016/6/13,1,CHF,1.783985387,B,b,6,95.275467,g
2016/6/14,1,CHF,1.302700993,B,b,6,94.932045,g
2016/6/15,1,CHF,1.167065307,B,b,6,95.206787,g
2016/6/16,1,CHF,1.312122914,B,b,6,94.264832,g
2016/6/17,1,CHF,1.1276191,B,b,6,93.509293,g
2016/6/20,1,CHF,1.903761558,B,b,6,93.24437,g
2016/6/21,1,CHF,1.51130919,B,b,6,92.90094,g
2016/6/22,1,CHF,1.937981727,B,b,6,93.558357,g
2016/6/23,1,CHF,1.732354777,B,b,6,93.460236,g
2016/6/24,1,CHF,1.966460786,B,b,6,90.909096,g
2016/6/27,1,CHF,1.242910374,B,b,6,89.780685,g
2016/6/28,1,CHF,1.395433638,B,b,6,90.408669,g
2016/6/29,1,CHF,1.748185769,B,b,6,91.870674,g
2016/6/30,1,CHF,1.142203415,B,b,6,92.528091,g
2016/7/1,1,CHF,1.801461805,B,b,6,93.538727,g
2016/7/5,1,CHF,1.322948276,B,b,6,92.685074,g
2016/7/6,1,CHF,1.699406814,B,b,6,92.596771,g
2016/7/7,1,CHF,1.604273632,B,b,6,93.82328,g
2016/7/8,1,CHF,1.932234421,B,b,6,94.245209,g
2016/7/11,1,CHF,1.773529742,B,b,6,94.912422,g
2016/7/12,1,CHF,1.928447414,B,b,6,95.295097,g
2016/7/13,1,CHF,1.99592698,B,b,6,95.020355,g
2016/7/14,1,CHF,1.866605612,B,b,6,95.491341,g
2016/7/15,1,CHF,1.363582017,B,b,6,96.649162,g
2016/7/18,1,CHF,1.952158478,B,b,6,96.747276,g
2016/7/19,1,CHF,1.387348241,B,b,6,97.473381,g
2016/7/20,1,CHF,1.41954039,B,b,6,97.86586,g
2016/7/21,1,CHF,1.52621589,B,b,6,97.267326,g
2016/7/22,1,CHF,1.355282775,B,b,6,96.462738,g
2016/7/25,1,CHF,1.671799949,B,b,6,95.098846,g
2016/7/26,1,CHF,1.515295956,B,b,6,94.608246,g
2016/7/27,1,CHF,1.626436341,B,b,6,100.819305,g
2016/7/28,1,CHF,1.58615352,B,b,6,100.887985,g
2016/7/29,1,CHF,1.328428786,B,b,6,101.731834,g
2016/8/1,1,CHF,1.32412855,B,b,6,102.44812,g
2016/8/2,1,CHF,1.503150212,B,b,6,102.045822,g
2016/8/3,1,CHF,1.448031092,B,b,6,102.801346,g
2016/8/4,1,CHF,1.743050156,B,b,6,103.861374,g
2016/8/5,1,CHF,1.151597191,B,b,6,104.749245,g
2016/8/8,1,CHF,1.737138662,B,b,6,105.716042,g
2016/8/9,1,CHF,1.402672548,B,b,6,106.554596,g
2016/8/10,1,CHF,1.701602112,B,b,6,106.307961,g
2016/8/11,1,CHF,1.698455531,B,b,6,106.396744,g
2016/8/12,1,CHF,1.869777446,B,b,6,106.327682,g
2016/8/15,1,CHF,1.226504316,B,b,6,106.62365,g
2016/8/16,1,CHF,1.991608974,B,b,6,107.738411,g
2016/8/17,1,CHF,1.096305618,B,b,6,106.880135,g
2016/8/18,1,CHF,1.966389093,B,b,6,107.550972,g
2016/8/19,1,CHF,1.879889406,B,b,6,106.899872,g
2016/8/22,1,CHF,1.734177825,B,b,6,106.396744,g
2016/8/23,1,CHF,1.515464427,B,b,6,107.067574,g
2016/8/24,1,CHF,1.776216492,B,b,6,106.229042,g
2016/8/25,1,CHF,1.886248186,B,b,6,105.242508,g
2016/8/26,1,CHF,1.266583468,B,b,6,104.877495,g
2016/8/29,1,CHF,1.1319597,B,b,6,104.857765,g
2016/8/30,1,CHF,1.665205178,B,b,6,104.078407,g
2016/8/31,1,CHF,1.458140958,B,b,6,104.216522,g
2016/9/1,1,CHF,1.847382284,B,b,6,104.196793,g
2016/9/2,1,CHF,1.243605222,B,b,6,105.380623,g
2016/9/6,1,CHF,1.099382928,B,b,6,106.061317,g
2016/9/7,1,CHF,1.532633122,B,b,6,105.627251,g
2016/9/8,1,CHF,1.639748053,B,b,6,103.821907,g
2016/9/9,1,CHF,1.509977597,B,b,6,101.740341,g
2016/9/12,1,CHF,1.479958463,B,b,6,101.14843,g
2016/9/13,1,CHF,1.814691204,B,b,6,105.79496,g
2016/9/14,1,CHF,1.073220946,B,b,6,107.136642,g
2016/9/15,1,CHF,1.907828631,B,b,6,111.960747,g
2016/9/16,1,CHF,1.698526412,B,b,6,112.503326,g
2016/9/19,1,CHF,1.162595361,B,b,6,111.723976,g
2016/9/20,1,CHF,1.509454176,B,b,6,110.993958,g
2016/9/21,1,CHF,1.025904462,B,b,6,110.924896,g
2016/9/22,1,CHF,1.108358316,B,b,6,112.463875,g
2016/9/23,1,CHF,1.666780882,B,b,6,110.04689,g
2016/9/26,1,CHF,1.520032135,B,b,6,110.04689,g
2016/9/27,1,CHF,1.681095421,B,b,6,110.826241,g
2016/9/28,1,CHF,1.955950644,B,b,6,111.901558,g
2016/9/29,1,CHF,1.00030979,B,b,6,110.293518,g
2016/9/30,1,CHF,1.146878362,B,b,6,110.293518,g
2016/10/3,1,CHF,1.013632903,B,b,6,110.767052,g
2016/10/4,1,CHF,1.26942763,B,b,6,111.112328,g
2016/10/5,1,CHF,1.250043052,B,b,6,111.171524,g
2016/10/6,1,CHF,1.378388687,B,b,6,111.605598,g
2016/10/7,1,CHF,1.314680789,B,b,6,111.980476,g
2016/10/10,1,CHF,1.061902486,B,b,6,113.174171,g
2016/10/11,1,CHF,1.748249943,B,b,6,114.634224,g
2016/10/12,1,CHF,1.938284669,B,b,6,115.176819,g
2016/10/13,1,CHF,1.379113465,B,b,6,114.160706,g
2016/10/14,1,CHF,1.114626852,B,b,6,115.551697,g
2016/10/17,1,CHF,1.732593508,B,b,6,115.206413,g
2016/10/18,1,CHF,1.948007526,B,b,6,115.867378,g
2016/10/19,1,CHF,1.299849574,B,b,6,112.266571,g
2016/10/20,1,CHF,1.713819078,B,b,6,114.762474,g
2016/10/21,1,CHF,1.179636701,B,b,6,114.71315,g
2016/10/24,1,CHF,1.444355714,B,b,6,115.423447,g
2016/10/25,1,CHF,1.936682414,B,b,6,115.729271,g
2016/10/26,1,CHF,1.021763515,B,b,6,111.783165,g
2016/10/27,1,CHF,1.768911165,B,b,6,112.562523,g
2016/10/28,1,CHF,1.081360105,B,b,6,111.92128,g
2016/10/31,1,CHF,1.200128237,B,b,6,111.674652,g
2016/11/1,1,CHF,1.137598606,B,b,6,109.040627,g
2016/11/2,1,CHF,1.680549205,B,b,6,109.731201,g
2016/11/3,1,CHF,1.997356878,B,b,6,108.628708,g
2016/11/4,1,CHF,1.102984734,B,b,6,107.200821,g
2016/11/7,1,CHF,1.072752243,B,b,6,108.539467,g
2016/11/8,1,CHF,1.98877823,B,b,6,108.777451,g
2016/11/9,1,CHF,1.721477932,B,b,6,107.141327,g
2016/11/10,1,CHF,1.759883481,B,b,6,104.939995,g
2016/11/11,1,CHF,1.498698829,B,b,6,105.653946,g
2016/11/14,1,CHF,1.996425458,B,b,6,103.204712,g
2016/11/15,1,CHF,1.902073356,B,b,6,105.267227,g
2016/11/16,1,CHF,1.032997688,B,b,6,105.703522,g
2016/11/17,1,CHF,1.401520245,B,b,6,107.914772,g
2016/11/18,1,CHF,1.085167825,B,b,6,108.737785,g
2016/11/21,1,CHF,1.524439035,B,b,6,109.084846,g
2016/11/22,1,CHF,1.023566332,B,b,6,110.463158,g
2016/11/23,1,CHF,1.786242725,B,b,6,109.402153,g
2016/11/25,1,CHF,1.969484076,B,b,6,110.01693,g
2016/11/28,1,CHF,1.82620386,B,b,6,110.453232,g
2016/11/29,1,CHF,1.40197079,B,b,6,109.144333,g
2016/11/30,1,CHF,1.400599739,B,b,6,109.342651,g
2016/12/1,1,CHF,1.969188588,B,b,6,108.113083,g
2016/12/2,1,CHF,1.230594887,B,b,6,107.934593,g
2016/12/5,1,CHF,1.928413075,B,b,6,107.339645,g
2016/12/6,1,CHF,1.979086351,B,b,6,108.271744,g
2016/12/7,1,CHF,1.295155833,B,b,6,108.241997,g
2016/12/8,1,CHF,1.959770854,B,b,6,109.669876,g
2016/12/9,1,CHF,1.03381506,B,b,6,111.365501,g
2016/12/12,1,CHF,1.953118014,B,b,6,111.543983,g
2016/12/13,1,CHF,1.291319445,B,b,6,112.793388,g
2016/12/14,1,CHF,1.043543486,B,b,6,114.013046,g
2016/12/15,1,CHF,1.365102172,B,b,6,114.260948,g
2016/12/16,1,CHF,1.741912987,B,b,6,114.677414,g
2016/12/19,1,CHF,1.049641421,B,b,6,114.776566,g
2016/12/20,1,CHF,1.536318683,B,b,6,115.698746,g
2016/12/21,1,CHF,1.303907716,B,b,6,115.797913,g
2016/12/22,1,CHF,1.270861762,B,b,6,114.667496,g
2016/12/23,1,CHF,1.159877547,B,b,6,114.617912,g
2016/12/27,1,CHF,1.636591976,B,b,6,115.510345,g
2016/12/28,1,CHF,1.161174136,B,b,6,115.222786,g
2016/12/29,1,CHF,1.440172953,B,b,6,115.421112,g
2016/12/30,1,CHF,1.87383657,B,b,6,114.459259,g
2016/1/4,1,CHF,1.239184479,A,b,7,102.190376,f
2016/1/5,1,CHF,1.979231745,A,b,7,99.629555,f
2016/1/6,1,CHF,1.426980157,A,b,7,97.679848,f
2016/1/7,1,CHF,1.357875261,A,b,7,93.557297,f
2016/1/8,1,CHF,1.767453759,A,b,7,94.052017,f
2016/1/11,1,CHF,1.577595934,A,b,7,95.574928,f
2016/1/12,1,CHF,1.048196279,A,b,7,96.962036,f
2016/1/13,1,CHF,1.288692309,A,b,7,94.469124,f
2016/1/14,1,CHF,1.32393475,A,b,7,96.535217,f
2016/1/15,1,CHF,1.602173357,A,b,7,94.216911,f
2016/1/19,1,CHF,1.613781399,A,b,7,93.761017,f
2016/1/20,1,CHF,1.374180435,A,b,7,93.887115,f
2016/1/21,1,CHF,1.598889121,A,b,7,93.411812,f
2016/1/22,1,CHF,1.743124073,A,b,7,98.378242,f
2016/1/25,1,CHF,1.839159621,A,b,7,96.457626,f
2016/1/26,1,CHF,1.731847143,A,b,7,96.991135,f
2016/1/27,1,CHF,1.586470938,A,b,7,90.618187,f
2016/1/28,1,CHF,1.023579259,A,b,7,91.268089,f
2016/1/29,1,CHF,1.380105099,A,b,7,94.420609,f
2016/2/1,1,CHF,1.295831736,A,b,7,93.53791,f
2016/2/2,1,CHF,1.903665812,A,b,7,91.646393,f
2016/2/3,1,CHF,1.451683643,A,b,7,93.460312,f
2016/2/4,1,CHF,1.634096099,A,b,7,94.211258,f
2016/2/5,1,CHF,1.211951381,A,b,7,91.695061,f
2016/2/8,1,CHF,1.767645994,A,b,7,92.660583,f
2016/2/9,1,CHF,1.821930183,A,b,7,92.641068,f
2016/2/10,1,CHF,1.821710588,A,b,7,91.938881,f
2016/2/11,1,CHF,1.882523745,A,b,7,91.38298,f
2016/2/12,1,CHF,1.664286735,A,b,7,91.66581,f
2016/2/16,1,CHF,1.759259639,A,b,7,94.250275,f
2016/2/17,1,CHF,1.73272054,A,b,7,95.693672,f
2016/2/18,1,CHF,1.704314737,A,b,7,93.879677,f
2016/2/19,1,CHF,1.834119195,A,b,7,93.665115,f
2016/2/22,1,CHF,1.111785157,A,b,7,94.484337,f
2016/2/23,1,CHF,1.240101223,A,b,7,92.348495,f
2016/2/24,1,CHF,1.131844074,A,b,7,93.723625,f
2016/2/25,1,CHF,1.802680007,A,b,7,94.36731,f
2016/2/26,1,CHF,1.296416517,A,b,7,94.513603,f
2016/2/29,1,CHF,1.783774159,A,b,7,94.299042,f
2016/3/1,1,CHF,1.607410578,A,b,7,98.044075,f
2016/3/2,1,CHF,1.524492235,A,b,7,98.258652,f
2016/3/3,1,CHF,1.340162869,A,b,7,98.990097,f
2016/3/4,1,CHF,1.839373791,A,b,7,100.462761,f
2016/3/7,1,CHF,1.504545655,A,b,7,99.350945,f
2016/3/8,1,CHF,1.887195084,A,b,7,98.531715,f
2016/3/9,1,CHF,1.92347109,A,b,7,98.619499,f
2016/3/10,1,CHF,1.717600072,A,b,7,98.668251,f
2016/3/11,1,CHF,1.584025385,A,b,7,99.7313,f
2016/3/14,1,CHF,1.086121634,A,b,7,99.984879,f
2016/3/15,1,CHF,1.164917855,A,b,7,101.993942,f
2016/3/16,1,CHF,1.85509903,A,b,7,103.349571,f
2016/3/17,1,CHF,1.453092159,A,b,7,103.183762,f
2016/3/18,1,CHF,1.705252157,A,b,7,103.300804,f
2016/3/21,1,CHF,1.046198003,A,b,7,103.291046,f
2016/3/22,1,CHF,1.03600141,A,b,7,104.081009,f
2016/3/23,1,CHF,1.078047666,A,b,7,103.505608,f
2016/3/24,1,CHF,1.204723931,A,b,7,103.056976,f
2016/3/28,1,CHF,1.856310516,A,b,7,102.588852,f
2016/3/29,1,CHF,1.260664816,A,b,7,105.017281,f
2016/3/30,1,CHF,1.015056376,A,b,7,106.850792,f
2016/3/31,1,CHF,1.273509566,A,b,7,106.294884,f
2016/4/1,1,CHF,1.26617433,A,b,7,107.270149,f
2016/4/4,1,CHF,1.111422722,A,b,7,108.372215,f
2016/4/5,1,CHF,1.286214815,A,b,7,107.094597,f
2016/4/6,1,CHF,1.30166793,A,b,7,108.216171,f
2016/4/7,1,CHF,1.019583968,A,b,7,105.856026,f
2016/4/8,1,CHF,1.85838117,A,b,7,105.973045,f
2016/4/11,1,CHF,1.668647847,A,b,7,106.324135,f
2016/4/12,1,CHF,1.792747847,A,b,7,107.70903,f
2016/4/13,1,CHF,1.721844633,A,b,7,109.269463,f
2016/4/14,1,CHF,1.976307011,A,b,7,109.327972,f
2016/4/15,1,CHF,1.092196162,A,b,7,107.133614,f
2016/4/18,1,CHF,1.694494487,A,b,7,104.82222,f
2016/4/19,1,CHF,1.098047765,A,b,7,104.266327,f
2016/4/20,1,CHF,1.245439387,A,b,7,104.480873,f
2016/4/21,1,CHF,1.586998742,A,b,7,103.349571,f
2016/4/22,1,CHF,1.990307556,A,b,7,103.066734,f
2016/4/25,1,CHF,1.525079406,A,b,7,102.481575,f
2016/4/26,1,CHF,1.456535752,A,b,7,101.769615,f
2016/4/27,1,CHF,1.505678651,A,b,7,95.4011,f
2016/4/28,1,CHF,1.396031823,A,b,7,92.485031,f
2016/4/29,1,CHF,1.913525829,A,b,7,91.421997,f
2016/5/2,1,CHF,1.67880697,A,b,7,91.324463,f
2016/5/3,1,CHF,1.487212965,A,b,7,92.826378,f
2016/5/4,1,CHF,1.846895371,A,b,7,91.860863,f
2016/5/5,1,CHF,1.765592098,A,b,7,91.487999,f
2016/5/6,1,CHF,1.156626523,A,b,7,90.977768,f
2016/5/9,1,CHF,1.428045684,A,b,7,91.046455,f
2016/5/10,1,CHF,1.089383504,A,b,7,91.664612,f
2016/5/11,1,CHF,1.686806916,A,b,7,90.771721,f
2016/5/12,1,CHF,1.910560376,A,b,7,88.642487,f
2016/5/13,1,CHF,1.120812626,A,b,7,88.819107,f
2016/5/16,1,CHF,1.570729396,A,b,7,92.115974,f
2016/5/17,1,CHF,1.942674281,A,b,7,91.733299,f
2016/5/18,1,CHF,1.283816245,A,b,7,92.783195,f
2016/5/19,1,CHF,1.426131206,A,b,7,92.429955,f
2016/5/20,1,CHF,1.146697265,A,b,7,93.430801,f
2016/5/23,1,CHF,1.550731789,A,b,7,94.61805,f
2016/5/24,1,CHF,1.529773929,A,b,7,96.06044,f
2016/5/25,1,CHF,1.919725146,A,b,7,97.748116,f
2016/5/26,1,CHF,1.83891623,A,b,7,98.523285,f
2016/5/27,1,CHF,1.748554778,A,b,7,98.464394,f
2016/5/31,1,CHF,1.479123843,A,b,7,97.983612,f
2016/6/1,1,CHF,1.538674828,A,b,7,96.609924,f
2016/6/2,1,CHF,1.072455098,A,b,7,95.88382,f
2016/6/3,1,CHF,1.173652174,A,b,7,96.080055,f
2016/6/6,1,CHF,1.279650709,A,b,7,96.776718,f
2016/6/7,1,CHF,1.575185617,A,b,7,97.169197,f
2016/6/8,1,CHF,1.501063025,A,b,7,97.080902,f
2016/6/9,1,CHF,1.180416034,A,b,7,97.77755,f
2016/6/10,1,CHF,1.430965288,A,b,7,96.972954,f
2016/6/13,1,CHF,1.501088456,A,b,7,95.510956,f
2016/6/14,1,CHF,1.011075937,A,b,7,95.628708,f
2016/6/15,1,CHF,1.690863497,A,b,7,95.31472,f
2016/6/16,1,CHF,1.466961786,A,b,7,95.717018,f
2016/6/17,1,CHF,1.820455982,A,b,7,93.538727,f
2016/6/20,1,CHF,1.797148232,A,b,7,93.313049,f
2016/6/21,1,CHF,1.026016783,A,b,7,94.107834,f
2016/6/22,1,CHF,1.935074605,A,b,7,93.754601,f
2016/6/23,1,CHF,1.597517442,A,b,7,94.294258,f
2016/6/24,1,CHF,1.027862845,A,b,7,91.644997,f
2016/6/27,1,CHF,1.377673796,A,b,7,90.310555,f
2016/6/28,1,CHF,1.256085114,A,b,7,91.831421,f
2016/6/29,1,CHF,1.581610605,A,b,7,92.626205,f
2016/6/30,1,CHF,1.160987375,A,b,7,93.80365,f
2016/7/1,1,CHF,1.474294586,A,b,7,94.088203,f
2016/7/5,1,CHF,1.877798897,A,b,7,93.205109,f
2016/7/6,1,CHF,1.293865361,A,b,7,93.73497,f
2016/7/7,1,CHF,1.686231925,A,b,7,94.137268,f
2016/7/8,1,CHF,1.886802313,A,b,7,94.863365,f
2016/7/11,1,CHF,1.365869077,A,b,7,95.157722,f
2016/7/12,1,CHF,1.969286072,A,b,7,95.589455,f
2016/7/13,1,CHF,1.908914921,A,b,7,95.049797,f
2016/7/14,1,CHF,1.494146743,A,b,7,96.933723,f
2016/7/15,1,CHF,1.673612815,A,b,7,96.923904,f
2016/7/18,1,CHF,1.019156978,A,b,7,97.95417,f
2016/7/19,1,CHF,1.136581347,A,b,7,97.993423,f
2016/7/20,1,CHF,1.667173705,A,b,7,98.081734,f
2016/7/21,1,CHF,1.216785643,A,b,7,97.561691,f
2016/7/22,1,CHF,1.584321788,A,b,7,96.80616,f
2016/7/25,1,CHF,1.513786772,A,b,7,95.510956,f
2016/7/26,1,CHF,1.381668681,A,b,7,94.853554,f
2016/7/27,1,CHF,1.977818488,A,b,7,101.015549,f
2016/7/28,1,CHF,1.31982855,A,b,7,102.379417,f
2016/7/29,1,CHF,1.300958207,A,b,7,102.251869,f
2016/8/1,1,CHF,1.565185003,A,b,7,104.057297,f
2016/8/2,1,CHF,1.239284441,A,b,7,102.5168,f
2016/8/3,1,CHF,1.277548802,A,b,7,103.802185,f
2016/8/4,1,CHF,1.952182908,A,b,7,104.443428,f
2016/8/5,1,CHF,1.150601086,A,b,7,106.031723,f
2016/8/8,1,CHF,1.309140306,A,b,7,106.909737,f
2016/8/9,1,CHF,1.034130379,A,b,7,107.343811,f
2016/8/10,1,CHF,1.376639168,A,b,7,106.544724,f
2016/8/11,1,CHF,1.033979287,A,b,7,106.475662,f
2016/8/12,1,CHF,1.395964045,A,b,7,106.722298,f
2016/8/15,1,CHF,1.451512862,A,b,7,108.004776,f
2016/8/16,1,CHF,1.237495462,A,b,7,107.90612,f
2016/8/17,1,CHF,1.287091533,A,b,7,107.748291,f
2016/8/18,1,CHF,1.29214609,A,b,7,107.610176,f
2016/8/19,1,CHF,1.970687842,A,b,7,107.886398,f
2016/8/22,1,CHF,1.183259649,A,b,7,107.047852,f
2016/8/23,1,CHF,1.643127327,A,b,7,107.383263,f
2016/8/24,1,CHF,1.74642852,A,b,7,106.574318,f
2016/8/25,1,CHF,1.431859569,A,b,7,106.120514,f
2016/8/26,1,CHF,1.362490786,A,b,7,105.499008,f
2016/8/29,1,CHF,1.790227921,A,b,7,105.380623,f
2016/8/30,1,CHF,1.984214656,A,b,7,104.571663,f
2016/8/31,1,CHF,1.88212518,A,b,7,104.670319,f
2016/9/1,1,CHF,1.948890892,A,b,7,105.29184,f
2016/9/2,1,CHF,1.59546562,A,b,7,106.278366,f
2016/9/6,1,CHF,1.594434049,A,b,7,106.248756,f
2016/9/7,1,CHF,1.237090703,A,b,7,106.899872,f
2016/9/8,1,CHF,1.616743458,A,b,7,104.098145,f
2016/9/9,1,CHF,1.991249474,A,b,7,101.740341,f
2016/9/12,1,CHF,1.112055677,A,b,7,104.019218,f
2016/9/13,1,CHF,1.013530791,A,b,7,106.495399,f
2016/9/14,1,CHF,1.210242838,A,b,7,110.263916,f
2016/9/15,1,CHF,1.660417529,A,b,7,114.012718,f
2016/9/16,1,CHF,1.33422513,A,b,7,113.371475,f
2016/9/19,1,CHF,1.360796833,A,b,7,112.04953,f
2016/9/20,1,CHF,1.951061979,A,b,7,112.039665,f
2016/9/21,1,CHF,1.488022862,A,b,7,112.019936,f
2016/9/22,1,CHF,1.034066864,A,b,7,113.075523,f
2016/9/23,1,CHF,1.668254699,A,b,7,111.191254,f
2016/9/26,1,CHF,1.336191016,A,b,7,111.358955,f
2016/9/27,1,CHF,1.511693205,A,b,7,111.566124,f
2016/9/28,1,CHF,1.778167273,A,b,7,112.414543,f
2016/9/29,1,CHF,1.955615338,A,b,7,110.668396,f
2016/9/30,1,CHF,1.535709645,A,b,7,111.52668,f
2016/10/3,1,CHF,1.809550741,A,b,7,111.003807,f
2016/10/4,1,CHF,1.443358095,A,b,7,111.477348,f
2016/10/5,1,CHF,1.417633059,A,b,7,111.52668,f
2016/10/6,1,CHF,1.47573059,A,b,7,112.355354,f
2016/10/7,1,CHF,1.218499588,A,b,7,112.523064,f
2016/10/10,1,CHF,1.253992307,A,b,7,114.486252,f
2016/10/11,1,CHF,1.032390518,A,b,7,114.73288,f
2016/10/12,1,CHF,1.166089712,A,b,7,115.758865,f
2016/10/13,1,CHF,1.532192872,A,b,7,115.403717,f
2016/10/14,1,CHF,1.121607233,A,b,7,116.04496,f
2016/10/17,1,CHF,1.686961381,A,b,7,115.966042,f
2016/10/18,1,CHF,1.490605439,A,b,7,115.887123,f
2016/10/19,1,CHF,1.436691366,A,b,7,115.541832,f
2016/10/20,1,CHF,1.923812998,A,b,7,115.482635,f
2016/10/21,1,CHF,1.920232196,A,b,7,115.028831,f
2016/10/24,1,CHF,1.350510884,A,b,7,116.064682,f
2016/10/25,1,CHF,1.712746362,A,b,7,116.656609,f
2016/10/26,1,CHF,1.131484852,A,b,7,114.032448,f
2016/10/27,1,CHF,1.131881554,A,b,7,112.937408,f
2016/10/28,1,CHF,1.070216579,A,b,7,112.187653,f
2016/10/31,1,CHF,1.09805955,A,b,7,112.010071,f
2016/11/1,1,CHF,1.602088223,A,b,7,109.987694,f
2016/11/2,1,CHF,1.780739895,A,b,7,110.086349,f
2016/11/3,1,CHF,1.063950141,A,b,7,108.906357,f
2016/11/4,1,CHF,1.495868016,A,b,7,107.924675,f
2016/11/7,1,CHF,1.891492825,A,b,7,109.481483,f
2016/11/8,1,CHF,1.334110281,A,b,7,110.126007,f
2016/11/9,1,CHF,1.626752002,A,b,7,109.947525,f
2016/11/10,1,CHF,1.419591847,A,b,7,106.883514,f
2016/11/11,1,CHF,1.98510197,A,b,7,107.518127,f
2016/11/14,1,CHF,1.136277678,A,b,7,104.820999,f
2016/11/15,1,CHF,1.015329726,A,b,7,106.209229,f
2016/11/16,1,CHF,1.277073522,A,b,7,109.065002,f
2016/11/17,1,CHF,1.938745661,A,b,7,109.025345,f
2016/11/18,1,CHF,1.3183255,A,b,7,109.134422,f
2016/11/21,1,CHF,1.147741764,A,b,7,110.790382,f
2016/11/22,1,CHF,1.646894034,A,b,7,110.859787,f
2016/11/23,1,CHF,1.52777569,A,b,7,110.294586,f
2016/11/25,1,CHF,1.563068947,A,b,7,110.849876,f
2016/11/28,1,CHF,1.925995326,A,b,7,110.631721,f
2016/11/29,1,CHF,1.561726115,A,b,7,110.522652,f
2016/11/30,1,CHF,1.377265187,A,b,7,109.590553,f
2016/12/1,1,CHF,1.717558167,A,b,7,108.569214,f
2016/12/2,1,CHF,1.30280765,A,b,7,108.975769,f
2016/12/5,1,CHF,1.68953243,A,b,7,108.192413,f
2016/12/6,1,CHF,1.528884654,A,b,7,109.025345,f
2016/12/7,1,CHF,1.297666795,A,b,7,110.09626,f
2016/12/8,1,CHF,1.284315302,A,b,7,111.177101,f
2016/12/9,1,CHF,1.798007837,A,b,7,112.991707,f
2016/12/12,1,CHF,1.78997754,A,b,7,112.347183,f
2016/12/13,1,CHF,1.507007248,A,b,7,114.221283,f
2016/12/14,1,CHF,1.17239176,A,b,7,114.221283,f
2016/12/15,1,CHF,1.331315059,A,b,7,114.845985,f
2016/12/16,1,CHF,1.952289573,A,b,7,114.99472,f
2016/12/19,1,CHF,1.123353553,A,b,7,115.659088,f
2016/12/20,1,CHF,1.835937187,A,b,7,115.966476,f
2016/12/21,1,CHF,1.011290985,A,b,7,116.075554,f
2016/12/22,1,CHF,1.19767605,A,b,7,115.312035,f
2016/12/23,1,CHF,1.391026514,A,b,7,115.540092,f
2016/12/27,1,CHF,1.527969733,A,b,7,116.273872,f
2016/12/28,1,CHF,1.919247953,A,b,7,115.778084,f
2016/12/29,1,CHF,1.743299659,A,b,7,115.748337,f
2016/12/30,1,CHF,1.254279284,A,b,7,114.845985,f
